Accounting,Machine,,,,,,
Release,Automation,,,,,,
Software,Deployment,,,,,,
incremental,modeling,,,,,,
Action,Selection,,,,,,
Argumentation,Framework,,,,,,
Feature,learning,,,,,,
intelligence,amplification,,,,,,
time,complexity,,,,,,
divide,conquer,,,,,,
internal,documentation,,,,,,
big,data,,,,,,
algorithmic,efficiency,,,,,,
signal,processing,,,,,,
image ,processing,,,,,,
data,mining,,,,,,
bit,rate,,,,,,
hill,climbing,,,,,,
Assymetric,cryptography,,,,,,
event ,simulation,,,,,,
knowledge,extraction,,,,,,
knowledge,aquisition,,,,,,
knowledge,representaiton,,,,,,
soft ,computing,,,,,,
temporal,learning,,,,,,
intelligence,explosion,,,,,,
feature,selection,,,,,,
Affective,computing,,,,,,
dynamic,programming,,,,,,
lazy ,evaluation,,,,,,
approximate,computing,,,,,,
diffferential,evolution,,,,,,
operating ,system,,,,,,
central ,processing,,,,,,
computer ,program,,,,,,
main ,memory,,,,,,
integrated,circuit,,,,,,