Family ,Resilience
Social,Adjustments
Self,Perception
Self,Actualization
Self,Reflection
Social ,Facilitaion
Social,Inhibition
Self,Emptying
Cognitive,Overload
Organization ,Dynamics
Family,Systems
Extended ,Family
Subjective,Experience
Interpersonal,Affection
Interpersonal,Relationship
Platonic ,Love
Unrequited ,Love
Infatuated ,Love
Divine,Love
Romantic ,Love
Human ,Bonding
Subliminal,Perception
Moral,Conscience
Quantum ,Mind
Embodied,Cognition
Situated,Cognition
Executive,Functions
Parental,Rights
Pair,Bonding
Self,Efficacy
Support,Networks
Intuitive ,Knowledge
Social,Evolution
Free ,Will
Ancestral ,Lineage
Parting,Glance
Well,Being
Natural,Instinct
Divine,Energy